"","SNP","Cis.Gene.ID","Trans.Gene.ID","Mediator","cis.Gene.start.bp","cis.Gene.end.bp","cis.Gene.type","cis.Gene.name","cis.chr","trans.Gene.start.bp","trans.Gene.end.bp","trans.Gene.type","trans.Gene.name","trans.chr"
"1","chr13_43023570_C_T_b38","ENSG00000120675","ENSG00000137513","LM1T1",43023203,43114213,"protein_coding","DNAJC15","13",78435968,78574874,"protein_coding","NARS2","11"
"2","chr6_31964400_C_T_b38","ENSG00000204351","ENSG00000222300","LM1T1",31959117,31969751,"protein_coding","SKIV2L","6",158935798,158935985,"snRNA","RNU2-21P","2"
"3","chr4_188455551_G_A_b38","ENSG00000249378","ENSG00000255814","LM1T1",188400736,188681051,"lncRNA","LINC01060","4",118782926,118833536,"lncRNA","LINC02439","12"
"4","chr5_150915321_A_G_b38","ENSG00000197083","ENSG00000275113","LM1T1",150930645,150946289,"transcribed_unprocessed_pseudogene","ZNF300P1","5",49341192,49345922,"protein_coding","GAGE2E","X"
"5","chr16_18339330_G_C_b38","ENSG00000254681","ENSG00000227827","LM1T1",18374521,18401940,"transcribed_unprocessed_pseudogene","PKD1P5","16",16356224,16377507,"unprocessed_pseudogene","PKD1P2","16"
"6","chr1_146481297_A_G_b38","ENSG00000276975","ENSG00000157423","LM1T1",146472566,146914294,"transcribed_unprocessed_pseudogene","HYDIN2","1",70802084,71230722,"protein_coding","HYDIN","16"
"7","chr6_41101050_C_A_b38","ENSG00000161912","ENSG00000115009","LM1T1",41101022,41140835,"transcribed_unprocessed_pseudogene","ADCY10P1","6",227805739,227817564,"protein_coding","CCL20","2"
"8","chr1_23371627_C_G_b38","ENSG00000125945","ENSG00000226843","LM1T1",23359448,23369836,"protein_coding","ZNF436","1",208255290,208255376,"processed_pseudogene","","1"
"9","chr15_32607667_C_T_b38","ENSG00000206127","ENSG00000260693","LM1T1",32441914,32455634,"protein_coding","GOLGA8O","15",30540093,30545969,"lncRNA","","15"
"10","chr22_18531430_G_A_b38","ENSG00000274602","ENSG00000206140","LM1T1",18533646,18577968,"transcribed_unprocessed_pseudogene","PI4KAP1","22",21466423,21471269,"protein_coding","TMEM191C","22"
"11","chr4_88285020_T_C_b38","ENSG00000246375","ENSG00000227840","LM1T1",88284507,88331421,"lncRNA","PPM1K-DT","4",30806932,30807119,"unprocessed_pseudogene","KRTAP8-3P","21"
"12","chr15_82328272_G_A_b38","ENSG00000188659","ENSG00000006747","LM1T1",82262810,82284930,"protein_coding","SAXO2","15",12570577,12660182,"protein_coding","SCIN","7"
"13","chr3_195608394_A_G_b38","ENSG00000224769","ENSG00000236833","LM1T1",195614947,195620233,"unprocessed_pseudogene","MUC20P1","3",197660565,197665757,"lncRNA","","3"
"14","chr2_19897175_C_A_b38","ENSG00000183891","ENSG00000163866","LM1T1",19896631,19901983,"protein_coding","TTC32","2",34712737,34859755,"protein_coding","SMIM12","1"
"15","chr1_146534756_A_G_b38","ENSG00000277420","ENSG00000157423","LM1T1",146514471,146525289,"lincRNA","AC245407.2","1",70802084,71230722,"protein_coding","HYDIN","16"
"16","chr1_30828283_CTG_C_b38","ENSG00000162512","ENSG00000247416","LM1T1",30869466,30908758,"protein_coding","SDC3","1",112959279,112963460,"lncRNA","","11"
"17","chr17_15787479_T_C_b38","ENSG00000276855","ENSG00000188013","LM1T1",15789016,15789705,"lncRNA","","17",20589293,20590367,"processed_pseudogene","MEIS3P2","17"
"18","chr15_45081857_C_T_b38","ENSG00000259479","ENSG00000226278","LM1T1",44825747,44884694,"transcribed_unprocessed_pseudogene","SORD2P","15",55764797,55773288,"unprocessed_pseudogene","PSPHP1","7"
"19","chr17_82920427_AG_A_b38","ENSG00000262663","ENSG00000264881","LM1T1",82918282,82918785,"lncRNA","","17",10227718,10227803,"miRNA","","1"
"20","chr2_88920780_T_TG_b38","ENSG00000253497","ENSG00000276566","LM1T1",89045995,89046466,"IG_V_pseudogene","IGKV1-13","2",90154073,90154574,"IG_V_gene","IGKV1D-13","2"
"21","chr1_104073253_A_G_b38","ENSG00000215869","ENSG00000233776","LM1T1",104072983,104226678,"transcribed_processed_pseudogene","","1",33732975,33738416,"lncRNA","LINC01251","9"
"22","chr21_44207698_A_T_b38","ENSG00000160223","ENSG00000277117","LM1T1",44217014,44240966,"protein_coding","ICOSLG","21",5022493,5040666,"protein_coding","","21"
"23","chr17_76823146_A_G_b38","ENSG00000267065","ENSG00000256420","LM1T1",76799044,76807102,"lncRNA","LINC02080","17",66563967,66569194,"processed_pseudogene","OSBPL9P4","12"
"24","chr7_17298431_G_A_b38","ENSG00000237773","ENSG00000207412","LM1T1",16970320,17299368,"lncRNA","","7",31686692,31686798,"snRNA","RNU6-455P","14"
"25","chr19_46076545_T_C_b38","ENSG00000268460","ENSG00000274772","LM1T1",46201552,46214838,"lncRNA","","19",144683169,144683464,"misc_RNA","Metazoa_SRP","8"
"26","chr11_326564_A_T_b38","ENSG00000251661","ENSG00000166452","LM1T1",318640,325631,"lncRNA","","11",8911139,8920084,"protein_coding","AKIP1","11"
"27","chr15_40428929_C_G_b38","ENSG00000140323","ENSG00000183337","LM1T1",40358219,40378621,"protein_coding","DISP2","15",40049815,40177329,"protein_coding","BCOR","X"
"28","chr7_42038_G_C_b38","ENSG00000242611","ENSG00000237419","LM1T1",77038,81178,"lncRNA","","7",138199933,138203325,"lncRNA","","9"
"29","chr21_41426246_A_C_b38","ENSG00000157601","ENSG00000075035","LM1T1",41420020,41470071,"protein_coding","MX1","21",108129288,108250537,"protein_coding","WSCD2","12"
"30","chr6_57204142_G_A_b38","ENSG00000168116","ENSG00000277938","LM1T1",57046532,57055239,"protein_coding","KIAA1586","6",25229150,25231933,"lncRNA","","20"
"31","chrX_48521653_G_C_b38","ENSG00000147155","ENSG00000266065","LM1T1",48521799,48528716,"protein_coding","EBP","X",6493420,6495668,"lncRNA","","18"
"32","chr9_92339447_G_C_b38","ENSG00000198000","ENSG00000167705","LM1T1",92297358,92325636,"protein_coding","NOL8","9",1646145,1649866,"protein_coding","RILP","17"
"33","chr2_218856229_TAGG_T_b38","ENSG00000115596","ENSG00000271338","LM1T1",218859805,218874233,"protein_coding","WNT6","2",53381519,53382203,"processed_pseudogene","","6"
