"","SNP","Cis.Gene.ID","Trans.Gene.ID","Mediator","trans.Gene.start.bp","trans.Gene.end.bp","trans.Gene.type","trans.Gene.name","trans.chr","cis.Gene.start.bp","cis.Gene.end.bp","cis.Gene.type","cis.Gene.name","cis.chr"
"1","chr21_5097921_C_T_b38","ENSG00000275464","ENSG00000160221","LM1T2",44133610,44210114,"protein_coding","GATD3A","21",5130871,5154658,"protein_coding","FP565260.1","21"
"2","chr20_1915405_CCGA_C_b38","ENSG00000101307","ENSG00000225774","LM1T2",30542536,30544305,"processed_pseudogene","SIRPAP1","22",1561385,1620061,"protein_coding","SIRPB1","20"
"3","chr17_7312217_T_C_b38","ENSG00000132507","ENSG00000236496","LM1T2",2875442,2876427,"processed_pseudogene","GPS2P1","9",7306999,7312463,"protein_coding","EIF5A","17"
"4","chr1_16755789_C_A_b38","ENSG00000219481","ENSG00000272150","LM1T2",145572345,145607858,"transcribed_unprocessed_pseudogene","NBPF25P","1",16562319,16613562,"protein_coding","NBPF1","1"
"5","chr2_89001641_TC_T_b38","ENSG00000224607","ENSG00000242580","LM1T2",90209873,90210529,"IG_V_gene","IGKV1D-43","2",89968867,89969335,"IG_V_pseudogene","IGKV1D-27","2"
"6","chr9_111431329_G_A_b38","ENSG00000173258","ENSG00000182545","LM1T2",20505537,20511169,"protein_coding","RNASE10","14",111525159,111577844,"protein_coding","ZNF483","9"
"7","chr3_46564296_A_ACCACTTTACAGAGCCAT_b38","ENSG00000241186","ENSG00000155363","LM1T2",112673141,112700746,"protein_coding","MOV10","1",46574534,46582457,"protein_coding","TDGF1","3"
"8","chr16_34170_C_T_b38","ENSG00000161980","ENSG00000282965","LM1T2",49815,73545,"lncRNA","AP001005.3","18",46407,53608,"protein_coding","POLR3K","16"
"9","chr1_151946850_G_A_b38","ENSG00000197747","ENSG00000174099","LM1T2",65278643,65491430,"protein_coding","MSRB3","12",151982915,151993859,"protein_coding","S100A10","1"
"10","chr11_207359_C_CGGCCACAGCCGCCTCAGACGT_b38","ENSG00000177951","ENSG00000100442","LM1T2",45115599,45135319,"protein_coding","FKBP3","14",167784,207428,"protein_coding","BET1L","11"
"11","chr1_1201811_T_C_b38","ENSG00000225972","ENSG00000278599","LM1T2",38127951,38138862,"protein_coding","TBC1D3E","17",629062,629433,"unprocessed_pseudogene","MTND1P23","1"
"12","chr14_23388359_G_GGT_b38","ENSG00000100918","ENSG00000200051","LM1T2",140527352,140527428,"snoRNA","AC011399.1","5",24171853,24180257,"protein_coding","REC8","14"
"13","chrX_103590682_C_T_b38","ENSG00000279894","ENSG00000167074","LM1T2",41367333,41399326,"protein_coding","TEF","22",103596608,103598904,"TEC","Z73965.1","X"
"14","chr18_62543828_G_A_b38","ENSG00000141664","ENSG00000235735","LM1T2",128313281,128314048,"processed_pseudogene","RPL7AP72","X",62523025,62587709,"protein_coding","ZCCHC2","18"
"15","chr20_35602948_A_G_b38","ENSG00000126001","ENSG00000224777","LM1T2",86649,87586,"unprocessed_pseudogene","OR4F2P","11",35455164,35519280,"protein_coding","CEP250","20"
"16","chr6_46147177_A_G_b38","ENSG00000001561","ENSG00000213150","LM1T2",110645699,110646558,"processed_pseudogene","AL512430.1","6",46129989,46146688,"protein_coding","ENPP4","6"
"17","chr22_21335586_C_T_b38","ENSG00000206140","ENSG00000274602","LM1T2",18533646,18577968,"transcribed_unprocessed_pseudogene","PI4KAP1","22",21466423,21471269,"protein_coding","TMEM191C","22"
"18","chr15_32177698_T_C_b38","ENSG00000175344","ENSG00000266893","LM1T2",28491864,28632728,"lncRNA","AC005394.1","19",31923438,32173018,"protein_coding","CHRNA7","15"
"19","chr5_177304451_G_T_b38","ENSG00000169230","ENSG00000127249","LM1T2",193398967,193593111,"protein_coding","ATP13A4","3",177303799,177306949,"protein_coding","PRELID1","5"
"20","chr7_65822468_G_A_b38","ENSG00000229180","ENSG00000121871","LM1T2",165186720,165197109,"protein_coding","SLITRK3","3",66526088,66592397,"transcribed_unprocessed_pseudogene","AC006001.3","7"
"21","chr3_74500483_A_G_b38","ENSG00000113805","ENSG00000244456","LM1T2",20956682,20958404,"transcribed_unprocessed_pseudogene","SPECC1P2","17",74262568,74521140,"protein_coding","CNTN3","3"
"22","chr1_227735217_A_C_b38","ENSG00000143740","ENSG00000278637","LM1T2",26021649,26022050,"protein_coding","H4C1","6",227728200,227781826,"protein_coding","SNAP47","1"
"23","chr17_3608793_C_T_b38","ENSG00000196689","ENSG00000225546","LM1T2",119495024,119907397,"lncRNA","LINC02476","7",3565444,3609411,"protein_coding","TRPV1","17"
"24","chr15_84567712_C_G_b38","ENSG00000259683","ENSG00000239533","LM1T2",24209567,24215581,"transcribed_unprocessed_pseudogene","GOLGA2P2Y","Y",84389729,84395903,"unprocessed_pseudogene","AC243562.2","15"
"25","chr1_246969351_A_C_b38","ENSG00000260698","ENSG00000276162","LM1T2",28459869,28459948,"miRNA","MIR5739","22",246682108,246685075,"lncRNA","AL591848.2","1"
"26","chr12_49920704_G_A_b38","ENSG00000066084","ENSG00000259333","LM1T2",63900643,63900879,"unprocessed_pseudogene","AC127029.1","17",50504985,50748657,"protein_coding","DIP2B","12"
"27","chr19_23796853_GTTTA_G_b38","ENSG00000269662","ENSG00000275808","LM1T2",59004213,59004494,"misc_RNA","Metazoa_SRP","16",23798924,23799477,"processed_pseudogene","BNIP3P39","19"
"28","chr7_143747845_C_T_b38","ENSG00000253882","ENSG00000114999","LM1T2",112482156,112541739,"protein_coding","TTL","2",143761790,143836933,"transcribed_unprocessed_pseudogene","AC099548.2","7"
"29","chr1_206337945_A_G_b38","ENSG00000276600","ENSG00000116690","LM1T2",186296279,186314567,"protein_coding","PRG4","1",205976740,206003461,"protein_coding","RAB7B","1"
"30","chr9_121526207_T_C_b38","ENSG00000204136","ENSG00000227811","LM1T2",111739579,111747798,"lncRNA","INKA2-AS1","1",121444991,121499844,"protein_coding","GGTA1","9"
"31","chr4_83760140_C_A_b38","ENSG00000173083","ENSG00000179914","LM1T2",160876540,160885180,"protein_coding","ITLN1","1",83292461,83335153,"protein_coding","HPSE","4"
"32","chr8_143675433_G_C_b38","ENSG00000181135","ENSG00000116690","LM1T2",186296279,186314567,"protein_coding","PRG4","1",143684452,143713898,"protein_coding","ZNF707","8"
"33","chr15_42270278_A_G_b38","ENSG00000278493","ENSG00000278599","LM1T2",38127951,38138862,"protein_coding","TBC1D3E","17",41908204,41908714,"lncRNA","AC039056.2","15"
"34","chr6_144312465_G_T_b38","ENSG00000217027","ENSG00000225972","LM1T2",629062,629433,"unprocessed_pseudogene","MTND1P23","1",144200447,144200965,"processed_pseudogene","TPT1P4","6"
"35","chr12_106268168_T_A_b38","ENSG00000136026","ENSG00000261509","LM1T2",33360274,33363478,"protein_coding","TP53TG3B","16",106237881,106304279,"protein_coding","CKAP4","12"
"36","chr2_84963935_A_AG_b38","ENSG00000115459","ENSG00000200528","LM1T2",53914719,53914824,"snRNA","RNU6-1331P","8",85354394,85391752,"protein_coding","ELMOD3","2"
"37","chr15_60966710_C_T_b38","ENSG00000182718","ENSG00000276124","LM1T2",129869605,129869671,"miRNA","MIR6855","9",60347134,60402883,"protein_coding","ANXA2","15"
"38","chr11_68303005_G_A_b38","ENSG00000110057","ENSG00000284388","LM1T2",108635810,108635870,"miRNA","MIR4496","12",67991100,68004982,"protein_coding","UNC93B1","11"
"39","chr19_14422398_G_A_b38","ENSG00000099797","ENSG00000222240","LM1T2",188155839,188156180,"misc_RNA","RN7SKP156","1",14517085,14565980,"protein_coding","TECR","19"
"40","chr8_29472300_G_A_b38","ENSG00000012232","ENSG00000200484","LM1T2",32394558,32394665,"snRNA","RNU6-1244P","10",28600469,28755599,"protein_coding","EXTL3","8"
"41","chr11_63827184_C_T_b38","ENSG00000133316","ENSG00000225514","LM1T2",47164510,47165920,"transcribed_processed_pseudogene","MTND1P34","1",62832342,62841809,"protein_coding","WDR74","11"
"42","chr9_128122843_G_A_b38","ENSG00000136854","ENSG00000235254","LM1T2",149768897,149771368,"unprocessed_pseudogene","TMEM185AP1","X",127579370,127696027,"protein_coding","STXBP1","9"
"43","chr2_158752310_C_A_b38","ENSG00000144283","ENSG00000200484","LM1T2",32394558,32394665,"snRNA","RNU6-1244P","10",158456952,158682879,"protein_coding","PKP4","2"
"44","chr8_75516004_T_A_b38","ENSG00000253341","ENSG00000176752","LM1T2",5170351,5171296,"unprocessed_pseudogene","OR51A1P","11",74603244,74604244,"processed_pseudogene","PCBP2P2","8"
"45","chr1_155230588_A_G_b38","ENSG00000163348","ENSG00000214695","LM1T2",79860573,79861806,"processed_pseudogene","NPAP1P2","10",154957026,154963853,"protein_coding","PYGO2","1"
"46","chr14_99051297_G_GATAT_b38","ENSG00000232573","ENSG00000225093","LM1T2",108004357,108005568,"processed_pseudogene","RPL3P7","6",98972879,98973301,"processed_pseudogene","RPL3P4","14"
"47","chr2_219235411_G_A_b38","ENSG00000163516","ENSG00000249270","LM1T2",51930808,51932036,"processed_pseudogene","KATNBL1P4","5",219229783,219236679,"protein_coding","ANKZF1","2"
"48","chrX_154425779_A_T_b38","ENSG00000280195","ENSG00000233913","LM1T2",168616352,168616996,"processed_pseudogene","RPL10P9","5",154396878,154398816,"lncRNA","AC245140.2","X"
"49","chr14_80799442_C_T_b38","ENSG00000071537","ENSG00000237528","LM1T2",51923552,51923740,"processed_pseudogene","UQCR10P1","X",81471547,81533853,"protein_coding","SEL1L","14"
"50","chr10_71410065_T_C_b38","ENSG00000166224","ENSG00000255295","LM1T2",89498748,89499198,"processed_pseudogene","H3P34","11",70815948,70881184,"protein_coding","SGPL1","10"
"51","chr6_137901950_T_C_b38","ENSG00000112378","ENSG00000145879","LM1T2",148312419,148315922,"protein_coding","SPINK7","5",138088505,138107419,"protein_coding","PERP","6"
"52","chr5_169757897_A_G_b38","ENSG00000134516","ENSG00000251308","LM1T2",115142982,115143303,"processed_pseudogene","MRPS33P3","4",169637268,170083382,"protein_coding","DOCK2","5"
"53","chr19_48912714_T_TA_b38","ENSG00000104804","ENSG00000225807","LM1T2",100509416,100520205,"lncRNA","AC069281.1","7",48880967,48898744,"protein_coding","TULP2","19"
"54","chr2_66747851_T_TGC_b38","ENSG00000236780","ENSG00000185742","LM1T2",109422190,109429167,"protein_coding","C11orf87","11",67123357,67397980,"lncRNA","LINC01829","2"
"55","chr10_115787567_A_G_b38","ENSG00000165863","ENSG00000200051","LM1T2",140527352,140527428,"snoRNA","AC011399.1","5",116663696,116670264,"protein_coding","C10orf82","10"
"56","chr1_112471862_A_T_b38","ENSG00000231246","ENSG00000201901","LM1T2",85100496,85100823,"misc_RNA","RN7SKP48","4",112177234,112360625,"lncRNA","LINC02884","1"
"57","chr2_231599413_T_A_b38","ENSG00000135916","ENSG00000149269","LM1T2",77322017,77474635,"protein_coding","PAK1","11",230864639,230879248,"protein_coding","ITM2C","2"
"58","chr16_55788357_G_A_b38","ENSG00000205364","ENSG00000253734","LM1T2",63769428,63813937,"lncRNA","LINC01289","8",56632659,56633981,"protein_coding","MT1M","16"
"59","chr2_127359748_C_T_b38","ENSG00000186684","ENSG00000252680","LM1T2",9844717,9844846,"rRNA_pseudogene","RNA5SP449","18",127183832,127220313,"protein_coding","CYP27C1","2"
"60","chr2_90068318_CT_C_b38","ENSG00000211611","ENSG00000227995","LM1T2",93881293,93881938,"processed_pseudogene","RAB11AP1","10",89159751,89160366,"IG_V_gene","IGKV6-21","2"
"61","chr16_68907296_C_T_b38","ENSG00000062038","ENSG00000278724","LM1T2",151275509,151275789,"misc_RNA","Metazoa_SRP","X",68636189,68727468,"protein_coding","CDH3","16"
"62","chr7_107928789_G_A_b38","ENSG00000233705","ENSG00000227634","LM1T2",8201518,8215210,"lncRNA","LINC01714","1",107650260,107662204,"lncRNA","SLC26A4-AS1","7"
"63","chr7_121494819_T_C_b38","ENSG00000071243","ENSG00000201901","LM1T2",85100496,85100823,"misc_RNA","RN7SKP48","4",120950763,120977216,"protein_coding","ING3","7"
"64","chr17_61866346_G_A_b38","ENSG00000279713","ENSG00000221586","LM1T2",90869121,90869202,"miRNA","MIR1261","11",62679403,62681354,"TEC","AC080038.3","17"
"65","chr10_103447117_T_C_b38","ENSG00000138172","ENSG00000242607","LM1T2",12570350,12571130,"processed_pseudogene","RPS3AP34","8",103446786,103452402,"protein_coding","CALHM2","10"
"66","chr2_89171138_C_G_b38","ENSG00000243264","ENSG00000199453","LM1T2",25191416,25191497,"snoRNA","SNORD115-12","15",89947512,89948279,"IG_V_gene","IGKV2D-29","2"
"67","chrX_48966649_G_C_b38","ENSG00000171365","ENSG00000201315","LM1T2",36685040,36685369,"misc_RNA","RN7SKP227","3",49922596,50099235,"protein_coding","CLCN5","X"
